{
  "domain_summary": {
    "hydrology": {
      "quality_score": {
        "mean": 0.7743046060290686,
        "std": 0.1312705354223996
      },
      "execution_time": {
        "mean": 1.4223550495348478e-05,
        "std": 8.452810918231115e-06
      },
      "accuracy_score": {
        "mean": 0.6431744881278153,
        "std": 0.14918193559965967
      },
      "success_rate": {
        "mean": 0.7916666666666666,
        "std": 0.4061164310337068
      }
    },
    "financial": {
      "quality_score": {
        "mean": 0.5950139032461531,
        "std": 0.06374241826394983
      },
      "execution_time": {
        "mean": 1.3113021850585938e-05,
        "std": 6.303956354475639e-06
      },
      "accuracy_score": {
        "mean": 0.8436392307028711,
        "std": 0.09664554163358448
      },
      "success_rate": {
        "mean": 0.75,
        "std": 0.4330127018922193
      }
    },
    "biomedical": {
      "quality_score": {
        "mean": 0.6796837147165882,
        "std": 0.02178710106409967
      },
      "execution_time": {
        "mean": 1.362122987446032e-05,
        "std": 7.7833564391858e-06
      },
      "accuracy_score": {
        "mean": 0.9068093060722279,
        "std": 0.06862697867876558
      },
      "success_rate": {
        "mean": 0.7916666666666666,
        "std": 0.4061164310337068
      }
    },
    "climate": {
      "quality_score": {
        "mean": 0.708668396054343,
        "std": 0.04522042000039408
      },
      "execution_time": {
        "mean": 1.5209702884449679e-05,
        "std": 1.4736389817177033e-05
      },
      "accuracy_score": {
        "mean": 0.8739954964531327,
        "std": 0.10587319069826023
      },
      "success_rate": {
        "mean": 0.7083333333333334,
        "std": 0.45452967144315476
      }
    }
  },
  "domain_quality_characteristics": {
    "hydrology": {
      "overall_quality": {
        "mean": 0.7743046060290686,
        "std": 0.1312705354223996
      },
      "distribution_similarity": 0.7947898054243543,
      "moment_preservation": 0.7611063701602432,
      "quantile_matching": 0.6967230499573875,
      "autocorrelation_preservation": 0.9920917056533674,
      "seasonality_preservation": 1.0,
      "trend_preservation": 0.6340340504848367,
      "scaling_behavior": 0.6282304892479718,
      "spectral_properties": 0.8744192217495526,
      "extreme_value_behavior": 0.9123576778996874
    },
    "financial": {
      "overall_quality": {
        "mean": 0.5950139032461531,
        "std": 0.06374241826394983
      },
      "distribution_similarity": 0.6841346426458246,
      "moment_preservation": 0.4965314715113555,
      "quantile_matching": 0.41376705623309895,
      "autocorrelation_preservation": 0.9906989622752518,
      "seasonality_preservation": 0.6892679487734501,
      "trend_preservation": 0.5014520792436284,
      "scaling_behavior": 0.5258333375029516,
      "spectral_properties": 0.6972399865874077,
      "volatility_clustering": 0.28518492888752506
    },
    "biomedical": {
      "overall_quality": {
        "mean": 0.6796837147165882,
        "std": 0.02178710106409967
      },
      "distribution_similarity": 0.7585043884120939,
      "moment_preservation": 0.6997556558074371,
      "quantile_matching": 0.6602972989083413,
      "autocorrelation_preservation": 0.9346279616050042,
      "seasonality_preservation": 0.8031909325004514,
      "trend_preservation": 0.4687337944844246,
      "scaling_behavior": 0.3092996723619874,
      "spectral_properties": 0.7424893030314993,
      "baseline_behavior": 0.9999996799783379
    },
    "climate": {
      "overall_quality": {
        "mean": 0.708668396054343,
        "std": 0.04522042000039408
      },
      "distribution_similarity": 0.7380753199425067,
      "moment_preservation": 0.71658356877597,
      "quantile_matching": 0.5897371394823856,
      "autocorrelation_preservation": 0.9932670116857325,
      "seasonality_preservation": 0.8110304802324744,
      "trend_preservation": 0.5295513545208634,
      "scaling_behavior": 0.35243689269242273,
      "spectral_properties": 0.8360493394799018,
      "seasonal_pattern_strength": 0.9999995108773966
    }
  }
}