estimator,avg_execution_time,std_execution_time,avg_accuracy,std_accuracy,avg_success_rate,std_success_rate
DFA,2.4926277898973034e-05,8.619276262517952e-06,0.851552453106094,0.13216893265923815,0.96875,0.17399263633843817
GPH,1.0376391203507133e-05,2.074759356790501e-06,0.8495601018117651,0.11949499327759211,0.71875,0.4496092053105675
Higuchi,9.355545043945313e-06,1.1801695582818016e-06,0.8307220955494286,0.12963029220372024,0.78125,0.41339864235384227
RS,9.6451152454723e-06,1.9709422811697602e-06,0.8222165094713947,0.13375987750839044,0.6875,0.46351240544347894
Whittle,9.457270304361979e-06,1.2644500543799496e-06,0.800325381573389,0.16393822819353793,0.65625,0.47495887979908324
WaveletWhittle,9.503857842807111e-06,1.8728399776494548e-06,0.8260101040889637,0.12200455516412967,0.90625,0.2914805954090255
