{
  "success_rate_analysis": {
    "DFA": {
      "mean": 0.8125,
      "std": 0.3903123748998999,
      "min": 0.0,
      "max": 1.0
    },
    "GPH": {
      "mean": 0.5625,
      "std": 0.49607837082461076,
      "min": 0.0,
      "max": 1.0
    },
    "Higuchi": {
      "mean": 0.78125,
      "std": 0.41339864235384227,
      "min": 0.0,
      "max": 1.0
    },
    "RS": {
      "mean": 0.84375,
      "std": 0.3630921887069453,
      "min": 0.0,
      "max": 1.0
    },
    "Whittle": {
      "mean": 0.65625,
      "std": 0.47495887979908324,
      "min": 0.0,
      "max": 1.0
    },
    "WaveletWhittle": {
      "mean": 0.90625,
      "std": 0.2914805954090255,
      "min": 0.0,
      "max": 1.0
    }
  },
  "accuracy_stability": {
    "DFA": {
      "mean": 0.8041032335638018,
      "std": 0.13397908898485722,
      "min": 0.4230772637598893,
      "max": 0.9969460574789483
    },
    "GPH": {
      "mean": 0.7675576343460997,
      "std": 0.13057398838294823,
      "min": 0.48705542299549576,
      "max": 0.9652611368558441
    },
    "Higuchi": {
      "mean": 0.7930505226592168,
      "std": 0.16478910845105174,
      "min": 0.42830300980475167,
      "max": 0.9899525041737535
    },
    "RS": {
      "mean": 0.8393001135210689,
      "std": 0.16363826408361998,
      "min": 0.4176279204386857,
      "max": 0.9963118801462845
    },
    "Whittle": {
      "mean": 0.8184354940951002,
      "std": 0.16215386899660733,
      "min": 0.4325522135394013,
      "max": 0.9966838564331941
    },
    "WaveletWhittle": {
      "mean": 0.8478969091681543,
      "std": 0.13146818886411496,
      "min": 0.5739087243122825,
      "max": 0.99659479456502
    }
  },
  "quality_robustness": {
    "Excellent": {
      "dataset_count": 2,
      "avg_quality": 1.0,
      "estimator_performance": {
        "DFA": {
          "accuracy": {
            "mean": 0.6384847413661722,
            "std": 0.04594624228998845
          },
          "success_rate": {
            "mean": 1.0,
            "std": 0.0
          },
          "execution_time": {
            "mean": 3.135204315185547e-05,
            "std": 1.0132789611816406e-05
          }
        },
        "GPH": {
          "accuracy": {
            "mean": 0.6044482782672882,
            "std": 0.0533247196005468
          },
          "success_rate": {
            "mean": 1.0,
            "std": 0.0
          },
          "execution_time": {
            "mean": 1.2040138244628906e-05,
            "std": 1.3113021850585938e-06
          }
        },
        "Higuchi": {
          "accuracy": {
            "mean": 0.5553303840763979,
            "std": 0.0
          },
          "success_rate": {
            "mean": 0.5,
            "std": 0.5
          },
          "execution_time": {
            "mean": 9.5367431640625e-06,
            "std": 0.0
          }
        },
        "RS": {
          "accuracy": {
            "mean": 0.5102450259007809,
            "std": 0.0
          },
          "success_rate": {
            "mean": 0.5,
            "std": 0.5
          },
          "execution_time": {
            "mean": 1.1205673217773438e-05,
            "std": 0.0
          }
        },
        "Whittle": {
          "accuracy": {
            "mean": 0.5283149857716348,
            "std": 0.0
          },
          "success_rate": {
            "mean": 0.5,
            "std": 0.5
          },
          "execution_time": {
            "mean": 1.2159347534179688e-05,
            "std": 0.0
          }
        },
        "WaveletWhittle": {
          "accuracy": {
            "mean": 0.8373547780858333,
            "std": 0.11682806985226418
          },
          "success_rate": {
            "mean": 1.0,
            "std": 0.0
          },
          "execution_time": {
            "mean": 1.0609626770019531e-05,
            "std": 1.0728836059570312e-06
          }
        }
      }
    },
    "Fair": {
      "dataset_count": 22,
      "avg_quality": 0.645955740714534,
      "estimator_performance": {
        "DFA": {
          "accuracy": {
            "mean": 0.838577114727951,
            "std": 0.1031757121274858
          },
          "success_rate": {
            "mean": 0.8181818181818182,
            "std": 0.385694607919935
          },
          "execution_time": {
            "mean": 2.8398301866319445e-05,
            "std": 1.582326168983403e-05
          }
        },
        "GPH": {
          "accuracy": {
            "mean": 0.8044709515621854,
            "std": 0.10851175621006437
          },
          "success_rate": {
            "mean": 0.5454545454545454,
            "std": 0.49792959773196915
          },
          "execution_time": {
            "mean": 1.1781851450602213e-05,
            "std": 4.6917181509425294e-06
          }
        },
        "Higuchi": {
          "accuracy": {
            "mean": 0.8249449334534797,
            "std": 0.12135747626771154
          },
          "success_rate": {
            "mean": 0.8181818181818182,
            "std": 0.385694607919935
          },
          "execution_time": {
            "mean": 1.1245409647623697e-05,
            "std": 2.9929208847126238e-06
          }
        },
        "RS": {
          "accuracy": {
            "mean": 0.8839821827838212,
            "std": 0.08778937145067979
          },
          "success_rate": {
            "mean": 0.8636363636363636,
            "std": 0.3431742925123068
          },
          "execution_time": {
            "mean": 9.5367431640625e-06,
            "std": 1.3750605866083572e-06
          }
        },
        "Whittle": {
          "accuracy": {
            "mean": 0.8429030876240999,
            "std": 0.13111851354169166
          },
          "success_rate": {
            "mean": 0.5909090909090909,
            "std": 0.49166608301781667
          },
          "execution_time": {
            "mean": 8.894846989558293e-06,
            "std": 4.982243210427991e-07
          }
        },
        "WaveletWhittle": {
          "accuracy": {
            "mean": 0.8723120832864903,
            "std": 0.11635746969002177
          },
          "success_rate": {
            "mean": 0.9090909090909091,
            "std": 0.28747978728803447
          },
          "execution_time": {
            "mean": 1.0347366333007812e-05,
            "std": 3.8060447793593173e-06
          }
        }
      }
    },
    "Good": {
      "dataset_count": 8,
      "avg_quality": 0.7312923330811847,
      "estimator_performance": {
        "DFA": {
          "accuracy": {
            "mean": 0.75588775413723,
            "std": 0.1735293709054919
          },
          "success_rate": {
            "mean": 0.75,
            "std": 0.4330127018922193
          },
          "execution_time": {
            "mean": 2.65041987101237e-05,
            "std": 7.916330608949046e-06
          }
        },
        "GPH": {
          "accuracy": {
            "mean": 0.7383723607372482,
            "std": 0.14742792219552125
          },
          "success_rate": {
            "mean": 0.5,
            "std": 0.5
          },
          "execution_time": {
            "mean": 1.52587890625e-05,
            "std": 1.032382731180714e-05
          }
        },
        "Higuchi": {
          "accuracy": {
            "mean": 0.736987313373565,
            "std": 0.23097938687047823
          },
          "success_rate": {
            "mean": 0.75,
            "std": 0.4330127018922193
          },
          "execution_time": {
            "mean": 1.2755393981933594e-05,
            "std": 5.871990334686511e-06
          }
        },
        "RS": {
          "accuracy": {
            "mean": 0.7650280808964974,
            "std": 0.2365630828701457
          },
          "success_rate": {
            "mean": 0.875,
            "std": 0.33071891388307384
          },
          "execution_time": {
            "mean": 1.4816011701311385e-05,
            "std": 9.128152687798512e-06
          }
        },