{
  "estimator_summary": {
    "DFA": {
      "execution_time": {
        "mean": 2.4926277898973034e-05,
        "std": 8.619276262517952e-06,
        "count": 31
      },
      "accuracy_score": {
        "mean": 0.851552453106094,
        "std": 0.13216893265923815,
        "count": 31
      },
      "success_rate": {
        "mean": 0.96875,
        "std": 0.17399263633843817,
        "count": 32
      },
      "r_squared": {
        "mean": 0.8232784403518106,
        "std": 0.07549930733542408,
        "count": 31
      }
    },
    "GPH": {
      "execution_time": {
        "mean": 1.0376391203507133e-05,
        "std": 2.074759356790501e-06,
        "count": 23
      },
      "accuracy_score": {
        "mean": 0.8495601018117651,
        "std": 0.11949499327759211,
        "count": 23
      },
      "success_rate": {
        "mean": 0.71875,
        "std": 0.4496092053105675,
        "count": 32
      },
      "r_squared": {
        "mean": 0.8002701597507974,
        "std": 0.07402298615555442,
        "count": 23
      }
    },
    "Higuchi": {
      "execution_time": {
        "mean": 9.355545043945313e-06,
        "std": 1.1801695582818016e-06,
        "count": 25
      },
      "accuracy_score": {
        "mean": 0.8307220955494286,
        "std": 0.12963029220372024,
        "count": 25
      },
      "success_rate": {
        "mean": 0.78125,
        "std": 0.41339864235384227,
        "count": 32
      },
      "r_squared": {
        "mean": 0.8372766995292632,
        "std": 0.07749741188802624,
        "count": 25
      }
    },
    "RS": {
      "execution_time": {
        "mean": 9.6451152454723e-06,
        "std": 1.9709422811697602e-06,
        "count": 22
      },
      "accuracy_score": {
        "mean": 0.8222165094713947,
        "std": 0.13375987750839044,
        "count": 22
      },
      "success_rate": {
        "mean": 0.6875,
        "std": 0.46351240544347894,
        "count": 32
      },
      "r_squared": {
        "mean": 0.8382673291489265,
        "std": 0.06402883911133443,
        "count": 22
      }
    },
    "Whittle": {
      "execution_time": {
        "mean": 9.457270304361979e-06,
        "std": 1.2644500543799496e-06,
        "count": 21
      },
      "accuracy_score": {
        "mean": 0.800325381573389,
        "std": 0.16393822819353793,
        "count": 21
      },
      "success_rate": {
        "mean": 0.65625,
        "std": 0.47495887979908324,
        "count": 32
      },
      "r_squared": {
        "mean": 0.8168054491170373,
        "std": 0.0737729765688536,
        "count": 21
      }
    },
    "WaveletWhittle": {
      "execution_time": {
        "mean": 9.503857842807111e-06,
        "std": 1.8728399776494548e-06,
        "count": 29
      },
      "accuracy_score": {
        "mean": 0.8260101040889637,
        "std": 0.12200455516412967,
        "count": 29
      },
      "success_rate": {
        "mean": 0.90625,
        "std": 0.2914805954090255,
        "count": 32
      },
      "r_squared": {
        "mean": 0.8303252820422741,
        "std": 0.0626777820563605,
        "count": 29
      }
    }
  },
  "performance_by_domain": {
    "hydrology": {
      "quality_score": {
        "mean": 0.760797446875037,
        "std": 0.14123256982085916
      },
      "execution_time": {
        "mean": 1.2284517288208007e-05,
        "std": 5.836140938519166e-06
      },
      "accuracy_score": {
        "mean": 0.6951896960998134,
        "std": 0.14586987026391163
      },
      "success_rate": {
        "mean": 0.8333333333333334,
        "std": 0.37267799624996495
      }
    },
    "financial": {
      "quality_score": {
        "mean": 0.5934221355401503,
        "std": 0.061521223525690616
      },
      "execution_time": {
        "mean": 1.3372477363137637e-05,
        "std": 8.475726271575082e-06
      },
      "accuracy_score": {
        "mean": 0.8219686526334082,
        "std": 0.083294197688228
      },
      "success_rate": {
        "mean": 0.7083333333333334,
        "std": 0.45452967144315476
      }
    },
    "biomedical": {
      "quality_score": {
        "mean": 0.6288593172884342,
        "std": 0.032259391351747484
      },
      "execution_time": {
        "mean": 1.2642458865517064e-05,
        "std": 6.2945468033988256e-06
      },
      "accuracy_score": {
        "mean": 0.9166853397886312,
        "std": 0.06859439574454242
      },
      "success_rate": {
        "mean": 0.7916666666666666,
        "std": 0.4061164310337068
      }
    },
    "climate": {
      "quality_score": {
        "mean": 0.7024886744895577,
        "std": 0.033419761512780664
      },
      "execution_time": {
        "mean": 1.2954076131184896e-05,
        "std": 8.890091632190543e-06
      },
      "accuracy_score": {
        "mean": 0.896599617210016,
        "std": 0.08316468962744097
      },
      "success_rate": {
        "mean": 0.8125,
        "std": 0.3903123748998999
      }
    }
  },
  "performance_by_size": {
    "100": {
      "quality_score": {
        "mean": 0.7176572881961385,
        "std": 0.16634921564921337
      },
      "execution_time": {
        "mean": 1.5132567461799172e-05,
        "std": 9.980841970917487e-06
      },
      "accuracy_score": {
        "mean": 0.8359670531765593,
        "std": 0.1024905560695438
      },
      "success_rate": {
        "mean": 0.7083333333333334,
        "std": 0.45452967144315476
      }
    },
    "500": {
      "quality_score": {
        "mean": 0.6873133009571031,
        "std": 0.025983345485502123
      },
      "execution_time": {
        "mean": 1.2841489579942492e-05,
        "std": 7.280371734140963e-06
      },
      "accuracy_score": {
        "mean": 0.8535495481044366,
        "std": 0.10864895842521677
      },
      "success_rate": {
        "mean": 0.75,
        "std": 0.4330127018922193
      }
    },
    "1000": {
      "quality_score": {
        "mean": 0.6606336748728943,
        "std": 0.08215501468058851
      },
      "execution_time": {
        "mean": 1.1164967606707317e-05,
        "std": 4.773283510049467e-06
      },
      "accuracy_score": {
        "mean": 0.8363360812906313,
        "std": 0.15732683944132414
      },
      "success_rate": {
        "mean": 0.8541666666666666,
        "std": 0.35293904887702954
      }
    },
    "2000": {
      "quality_score": {
        "mean": 0.6199633101670435,
        "std": 0.049864374352981466
      },
      "execution_time": {
        "mean": 1.2427568435668945e-05,
        "std": 6.8683976457130366e-06
      },
      "accuracy_score": {
        "mean": 0.8028876786002102,
        "std": 0.1478228411397233
      },
      "success_rate": {
        "mean": 0.8333333333333334,
        "std": 0.3726779962499649
      }
    }
  },
  "scalability_analysis": {
    "DFA": {
      "time_scaling_factor": -0.09247433804569766,
      "time_by_size": {
        "100": 5.435943603515625e-05,
        "500": 1.52587890625e-05,
        "1000": 1.6450881958007812e-05,
        "2000": 1.7642974853515625e-05
      },
      "accuracy_by_size": {
        "100": 0.8304886197159993,
        "500": 0.7165898438742186,
        "1000": 0.9315986398244985,
        "2000": 0.9983625669478593
      }
    },
    "GPH": {
      "time_scaling_factor": 0.004644187403619245,
      "time_by_size": {
        "100": 9.298324584960938e-06,
        "1000": 9.059906005859375e-06,
        "2000": 9.5367431640625e-06,
        "500": 1.2159347534179688e-05
      },
      "accuracy_by_size": {
        "100": 0.914168602347158,
        "1000": 0.9781065520122794,
        "2000": 0.9414041865904793,
        "500": 0.8549398073109918
      }
    },
    "Higuchi": {
      "time_scaling_factor": 0.037834798177228235,
      "time_by_size": {
        "100": 8.821487426757812e-06,
        "500": 9.059906005859375e-06,
        "1000": 8.821487426757812e-06,
        "2000": 9.059906005859375e-06
      },
      "accuracy_by_size": {
        "100": 0.9976361619166936,