{
  "estimator_summary": {
    "DFA": {
      "execution_time": {
        "mean": 3.361701965332031e-05,
        "std": 1.1877110946421607e-05,
        "count": 29
      },
      "accuracy_score": {
        "mean": 0.8037859804259058,
        "std": 0.13272102300539718,
        "count": 29
      },
      "success_rate": {
        "mean": 0.90625,
        "std": 0.2914805954090255,
        "count": 32
      },
      "r_squared": {
        "mean": 0.8148410463811605,
        "std": 0.06864561042748568,
        "count": 29
      }
    },
    "GPH": {
      "execution_time": {
        "mean": 1.6278690761990016e-05,
        "std": 1.490594057272083e-05,
        "count": 18
      },
      "accuracy_score": {
        "mean": 0.8480542646266049,
        "std": 0.09807097209911511,
        "count": 18
      },
      "success_rate": {
        "mean": 0.5625,
        "std": 0.49607837082461076,
        "count": 32
      },
      "r_squared": {
        "mean": 0.7896689711483696,
        "std": 0.06921886749806473,
        "count": 18
      }
    },
    "Higuchi": {
      "execution_time": {
        "mean": 1.4347689492361887e-05,
        "std": 8.71289867964109e-06,
        "count": 28
      },
      "accuracy_score": {
        "mean": 0.8152747040801914,
        "std": 0.15189901832016162,
        "count": 28
      },
      "success_rate": {
        "mean": 0.875,
        "std": 0.33071891388307384,
        "count": 32
      },
      "r_squared": {
        "mean": 0.8212654619655425,
        "std": 0.08109264315050828,
        "count": 28
      }
    },
    "RS": {
      "execution_time": {
        "mean": 1.1630680250084918e-05,
        "std": 3.477797585171737e-06,
        "count": 23
      },
      "accuracy_score": {
        "mean": 0.8325399560058773,
        "std": 0.11091391956604066,
        "count": 23
      },
      "success_rate": {
        "mean": 0.71875,
        "std": 0.4496092053105675,
        "count": 32
      },
      "r_squared": {
        "mean": 0.8249698530999094,
        "std": 0.08509012131593807,
        "count": 23
      }
    },
    "Whittle": {
      "execution_time": {
        "mean": 1.1444091796875e-05,
        "std": 3.4284042692379936e-06,
        "count": 18
      },
      "accuracy_score": {
        "mean": 0.8282816970214277,
        "std": 0.12865650643147644,
        "count": 18
      },
      "success_rate": {
        "mean": 0.5625,
        "std": 0.49607837082461076,
        "count": 32
      },
      "r_squared": {
        "mean": 0.8222320996796675,
        "std": 0.07398060360212423,
        "count": 18
      }
    },
    "WaveletWhittle": {
      "execution_time": {
        "mean": 1.2225118176690463e-05,
        "std": 4.377856462233347e-06,
        "count": 29
      },
      "accuracy_score": {
        "mean": 0.8987945440485869,
        "std": 0.11396882325605233,
        "count": 29
      },
      "success_rate": {
        "mean": 0.90625,
        "std": 0.2914805954090255,
        "count": 32
      },
      "r_squared": {
        "mean": 0.7986255822788736,
        "std": 0.07244473622915436,
        "count": 29
      }
    }
  },
  "performance_by_domain": {
    "hydrology": {
      "quality_score": {
        "mean": 0.7903620991379601,
        "std": 0.124330146431186
      },
      "execution_time": {
        "mean": 1.609647596204603e-05,
        "std": 9.161356329658987e-06
      },
      "accuracy_score": {
        "mean": 0.700378520000427,
        "std": 0.14055820763305607
      },
      "success_rate": {
        "mean": 0.7708333333333334,
        "std": 0.4202966875381669
      }
    },
    "financial": {
      "quality_score": {
        "mean": 0.6737012681696197,
        "std": 0.08632250518683975
      },
      "execution_time": {
        "mean": 1.7383519340963923e-05,
        "std": 1.3181229492198819e-05
      },
      "accuracy_score": {
        "mean": 0.8678090626985725,
        "std": 0.07393918434502189
      },
      "success_rate": {
        "mean": 0.7083333333333334,
        "std": 0.45452967144315476
      }
    },
    "biomedical": {
      "quality_score": {
        "mean": 0.70734638547257,
        "std": 0.030790368383810555
      },
      "execution_time": {
        "mean": 1.8113368266337626e-05,
        "std": 1.4861193641689716e-05
      },
      "accuracy_score": {
        "mean": 0.9298302684871974,
        "std": 0.05087441573218349
      },
      "success_rate": {
        "mean": 0.7708333333333334,
        "std": 0.42029668753816696
      }
    },
    "climate": {
      "quality_score": {
        "mean": 0.6999172859652005,
        "std": 0.02194546251378172
      },
      "execution_time": {
        "mean": 1.732078758445946e-05,
        "std": 1.0508739240206784e-05
      },
      "accuracy_score": {
        "mean": 0.8568043220543742,
        "std": 0.10116303176954547
      },
      "success_rate": {
        "mean": 0.7708333333333334,
        "std": 0.4202966875381669
      }
    }
  },
  "performance_by_size": {
    "100": {
      "quality_score": {
        "mean": 0.798596660521611,
        "std": 0.12933561984444472
      },
      "execution_time": {
        "mean": 1.991878856312145e-05,
        "std": 1.4364246881913032e-05
      },
      "accuracy_score": {
        "mean": 0.8327442441841449,
        "std": 0.13687232567883145
      },
      "success_rate": {
        "mean": 0.6875,
        "std": 0.46351240544347894
      }
    },
    "500": {
      "quality_score": {
        "mean": 0.7122340878494315,
        "std": 0.04068444098111535
      },
      "execution_time": {
        "mean": 1.7018879161161533e-05,
        "std": 1.0657700266872163e-05
      },
      "accuracy_score": {
        "mean": 0.8468960880666297,
        "std": 0.1146926908379579
      },
      "success_rate": {
        "mean": 0.7083333333333334,
        "std": 0.45452967144315476
      }
    },
    "1000": {
      "quality_score": {
        "mean": 0.6875583440399746,
        "std": 0.031348932853550976
      },
      "execution_time": {
        "mean": 1.4873651357797476e-05,
        "std": 9.971223898468344e-06
      },
      "accuracy_score": {
        "mean": 0.8370164869830226,
        "std": 0.13772298582974837
      },
      "success_rate": {
        "mean": 0.8125,
        "std": 0.3903123748998999
      }
    },
    "2000": {
      "quality_score": {
        "mean": 0.6729379463343331,
        "std": 0.055913441929584994
      },
      "execution_time": {
        "mean": 1.7477915837214543e-05,
        "std": 1.2750511419461569e-05
      },
      "accuracy_score": {
        "mean": 0.8360595686442395,
        "std": 0.12793947980134282
      },
      "success_rate": {
        "mean": 0.8125,
        "std": 0.3903123748998999
      }
    }
  },
  "scalability_analysis": {
    "DFA": {
      "time_scaling_factor": -0.033016738906871526,
      "time_by_size": {
        "100": 3.361701965332031e-05,
        "500": 3.886222839355469e-05,
        "1000": 4.649162292480469e-05,
        "2000": 3.361701965332031e-05
      },
      "accuracy_by_size": {
        "100": 0.666865295176466,
        "500": 0.712101215338874,
        "1000": 0.9653121223286545,
        "2000": 0.9861342057005967
      }
    },
    "GPH": {
      "time_scaling_factor": -0.018865682751772885,
      "time_by_size": {
        "100": 1.0967254638671875e-05,
        "500": 2.193450927734375e-05,
        "2000": 1.1682510375976562e-05,
        "1000": 9.298324584960938e-06
      },
      "accuracy_by_size": {
        "100": 0.6847893067138866,
        "500": 0.7165957707395535,
        "2000": 0.9086740909531047,
        "1000": 0.8195034894173759
      }
    },
    "Higuchi": {
      "time_scaling_factor": -0.07999932345367383,
      "time_by_size": {
        "100": 2.0265579223632812e-05,
        "500": 1.52587890625e-05,
        "1000": 1.1444091796875e-05,
        "2000": 1.1205673217773438e-05
      },
      "accuracy_by_size": {
        "100": 0.7365601464903117,
        "500": 0.7285153198554996,