{
  "estimator_summary": {
    "DFA": {
      "execution_time": {
        "mean": 2.8188412006084735e-05,
        "std": 1.4041075895328396e-05,
        "count": 26
      },
      "accuracy_score": {
        "mean": 0.8041032335638018,
        "std": 0.13397908898485722,
        "count": 26
      },
      "success_rate": {
        "mean": 0.8125,
        "std": 0.3903123748998999,
        "count": 32
      },
      "r_squared": {
        "mean": 0.8151266020378454,
        "std": 0.059204793959203784,
        "count": 26
      }
    },
    "GPH": {
      "execution_time": {
        "mean": 1.2583202785915799e-05,
        "std": 6.371996687890773e-06,
        "count": 18
      },
      "accuracy_score": {
        "mean": 0.7675576343460997,
        "std": 0.13057398838294823,
        "count": 18
      },
      "success_rate": {
        "mean": 0.5625,
        "std": 0.49607837082461076,
        "count": 32
      },
      "r_squared": {
        "mean": 0.8159398409848753,
        "std": 0.06271305159721012,
        "count": 18
      }
    },
    "Higuchi": {
      "execution_time": {
        "mean": 1.1539459228515625e-05,
        "std": 3.9118088344561925e-06,
        "count": 25
      },
      "accuracy_score": {
        "mean": 0.7930505226592168,
        "std": 0.16478910845105174,
        "count": 25
      },
      "success_rate": {
        "mean": 0.78125,
        "std": 0.41339864235384227,
        "count": 32
      },
      "r_squared": {
        "mean": 0.8176463886040887,
        "std": 0.06883976175507463,
        "count": 25
      }
    },
    "RS": {
      "execution_time": {
        "mean": 1.0967254638671875e-05,
        "std": 5.311815967544185e-06,
        "count": 27
      },
      "accuracy_score": {
        "mean": 0.8393001135210689,
        "std": 0.16363826408361998,
        "count": 27
      },
      "success_rate": {
        "mean": 0.84375,
        "std": 0.3630921887069453,
        "count": 32
      },
      "r_squared": {
        "mean": 0.8442915600766404,
        "std": 0.08026769548286607,
        "count": 27
      }
    },
    "Whittle": {
      "execution_time": {
        "mean": 9.332384381975447e-06,
        "std": 1.1476349079320322e-06,
        "count": 21
      },
      "accuracy_score": {
        "mean": 0.8184354940951002,
        "std": 0.16215386899660733,
        "count": 21
      },
      "success_rate": {
        "mean": 0.65625,
        "std": 0.47495887979908324,
        "count": 32
      },
      "r_squared": {
        "mean": 0.8108822883541281,
        "std": 0.08090777905474061,
        "count": 21
      }
    },
    "WaveletWhittle": {
      "execution_time": {
        "mean": 1.0597294774548761e-05,
        "std": 3.826797449648968e-06,
        "count": 29
      },
      "accuracy_score": {
        "mean": 0.8478969091681543,
        "std": 0.13146818886411496,
        "count": 29
      },
      "success_rate": {
        "mean": 0.90625,
        "std": 0.2914805954090255,
        "count": 32
      },
      "r_squared": {
        "mean": 0.829141800138871,
        "std": 0.07965883296433691,
        "count": 29
      }
    }
  },
  "performance_by_domain": {
    "hydrology": {
      "quality_score": {
        "mean": 0.7743046060290686,
        "std": 0.1312705354223996
      },
      "execution_time": {
        "mean": 1.4223550495348478e-05,
        "std": 8.452810918231115e-06
      },
      "accuracy_score": {
        "mean": 0.6431744881278153,
        "std": 0.14918193559965967
      },
      "success_rate": {
        "mean": 0.7916666666666666,
        "std": 0.4061164310337068
      }
    },
    "financial": {
      "quality_score": {
        "mean": 0.5950139032461531,
        "std": 0.06374241826394983
      },
      "execution_time": {
        "mean": 1.3113021850585938e-05,
        "std": 6.303956354475639e-06
      },
      "accuracy_score": {
        "mean": 0.8436392307028711,
        "std": 0.09664554163358448
      },
      "success_rate": {
        "mean": 0.75,
        "std": 0.4330127018922193
      }
    },
    "biomedical": {
      "quality_score": {
        "mean": 0.6796837147165882,
        "std": 0.02178710106409967
      },
      "execution_time": {
        "mean": 1.362122987446032e-05,
        "std": 7.7833564391858e-06
      },
      "accuracy_score": {
        "mean": 0.9068093060722279,
        "std": 0.06862697867876558
      },
      "success_rate": {
        "mean": 0.7916666666666666,
        "std": 0.4061164310337068
      }
    },
    "climate": {
      "quality_score": {
        "mean": 0.708668396054343,
        "std": 0.04522042000039408
      },
      "execution_time": {
        "mean": 1.5209702884449679e-05,
        "std": 1.4736389817177033e-05
      },
      "accuracy_score": {
        "mean": 0.8739954964531327,
        "std": 0.10587319069826023
      },
      "success_rate": {
        "mean": 0.7083333333333334,
        "std": 0.45452967144315476
      }
    }
  },
  "performance_by_size": {
    "100": {
      "quality_score": {
        "mean": 0.7032356757349394,
        "std": 0.1782682085840337
      },
      "execution_time": {
        "mean": 1.331637887393727e-05,
        "std": 7.324200386701993e-06
      },
      "accuracy_score": {
        "mean": 0.8098658566754067,
        "std": 0.14336996385125728
      },
      "success_rate": {
        "mean": 0.7083333333333334,
        "std": 0.45452967144315476
      }
    },
    "500": {
      "quality_score": {
        "mean": 0.7030808171974097,
        "std": 0.021410235632358866
      },
      "execution_time": {
        "mean": 1.4393670218331474e-05,
        "std": 7.299789267817846e-06
      },
      "accuracy_score": {
        "mean": 0.8326715459953634,
        "std": 0.11104707718244979
      },
      "success_rate": {
        "mean": 0.7291666666666666,
        "std": 0.44439018766044874
      }
    },
    "1000": {
      "quality_score": {
        "mean": 0.6792543549908383,
        "std": 0.043446197118194294
      },
      "execution_time": {
        "mean": 1.5124296530699119e-05,
        "std": 1.4540355554056068e-05
      },
      "accuracy_score": {
        "mean": 0.7880481051723022,
        "std": 0.1913539349920458
      },
      "success_rate": {
        "mean": 0.8125,
        "std": 0.3903123748998999
      }
    },
    "2000": {
      "quality_score": {
        "mean": 0.6720997721229657,
        "std": 0.07410446059783088
      },
      "execution_time": {
        "mean": 1.3182037755062706e-05,
        "std": 7.045494156067609e-06
      },
      "accuracy_score": {
        "mean": 0.8308795796260572,
        "std": 0.13801810308996737
      },
      "success_rate": {
        "mean": 0.7916666666666666,
        "std": 0.4061164310337068
      }
    }
  },
  "scalability_analysis": {
    "DFA": {
      "time_scaling_factor": 0.012434590775361751,
      "time_by_size": {
        "100": 2.4080276489257812e-05,
        "500": 1.8596649169921875e-05,
        "1000": 2.6464462280273438e-05,
        "2000": 2.193450927734375e-05
      },
      "accuracy_by_size": {
        "100": 0.9925226885680345,
        "500": 0.6955774479554495,
        "1000": 0.952340899768393,
        "2000": 0.809927877419152
      }
    },
    "GPH": {
      "time_scaling_factor": 0.04091896662981831,
      "time_by_size": {
        "100": 9.298324584960938e-06,
        "500": 9.298324584960938e-06,
        "1000": 9.059906005859375e-06,
        "2000": 9.298324584960938e-06
      },
      "accuracy_by_size": {
        "100": 0.768363129543197,
        "500": 0.8219584945995281,
        "1000": 0.90819713926347,
        "2000": 0.7853168152582582
      }
    },
    "Higuchi": {
      "time_scaling_factor": -0.08941226323412145,
      "time_by_size": {
        "100": 1.71661376953125e-05,
        "500": 9.5367431640625e-06,
        "1000": 1.33514404296875e-05,
        "2000": 8.58306884765625e-06
      },
      "accuracy_by_size": {
        "100": 0.6799664762381019,
        "500": 0.9899525041737535,