{
  "overall": {
    "quality_vs_accuracy_overall": -0.3643219709764874,
    "quality_vs_success_overall": -0.018659260143628023,
    "quality_vs_time_overall": 0.19253812690782793
  }
}