{
  "overall": {
    "quality_vs_accuracy_overall": -0.12005140071637065,
    "quality_vs_success_overall": 0.301623006439466,
    "quality_vs_time_overall": 0.06637183692697472
  }
}