{
  "overall": {
    "quality_vs_accuracy_overall": -0.3428216251052281,
    "quality_vs_success_overall": -0.13226973403294337,
    "quality_vs_time_overall": 0.1262300675700566
  }
}