{
  "realistic": {
    "daily_temperature": {
      "n_points": 18250,
      "mean": 20.53656778361243,
      "std": 11.861879486602845,
      "cv": 0.5775979516922137,
      "autocorr_lag1": 0.8612637308726359
    },
    "dow_jones_monthly": {
      "n_points": 168,
      "mean": 18359.879845645588,
      "std": 5218.746302703613,
      "cv": 0.2842473015389228,
      "autocorr_lag1": 0.997131855851179
    },
    "eeg_sample": {
      "n_points": 10000,
      "mean": 0.47399282979704693,
      "std": 20.224805811920785,
      "cv": 42.66901214640861,
      "autocorr_lag1": 0.9869600084172471
    },
    "nile_river_flow": {
      "n_points": 100,
      "mean": 1141.69,
      "std": 157.2284131446985,
      "cv": 0.13771550345951922,
      "autocorr_lag1": -0.035816515672580686
    },
    "sunspot_activity_synthetic": {
      "n_points": 300,
      "mean": 37.451946632232506,
      "std": 32.46973228842267,
      "cv": 0.8669704837312259,
      "autocorr_lag1": 0.6915154533439877
    }
  },
  "synthetic": {
    "dataset_1": {
      "n_points": 1000,
      "mean": 0.021174071032817748,
      "std": 0.9836085377059491,
      "cv": 46.453444695705976,
      "autocorr_lag1": -0.10908308307497072
    },
    "dataset_2": {
      "n_points": 1000,
      "mean": 0.004898253666685459,
      "std": 0.9854076970278853,
      "cv": 201.17530942301914,
      "autocorr_lag1": -0.012331185136894227
    },
    "dataset_3": {
      "n_points": 1000,
      "mean": -0.05700365353172908,
      "std": 0.9946776762776307,
      "cv": 17.44936709581217,
      "autocorr_lag1": 0.0856595906536763
    },
    "dataset_4": {
      "n_points": 1000,
      "mean": -0.0303679115889188,
      "std": 1.0308780769887502,
      "cv": 33.94629472528219,
      "autocorr_lag1": 0.10124211607108059
    }
  },
  "summary": {
    "realistic_count": 5,
    "synthetic_count": 4,
    "realistic_avg_points": 5763.6,
    "synthetic_avg_points": 1000.0,
    "realistic_avg_cv": 8.907108677366098,
    "synthetic_avg_cv": 74.75610398495488,
    "realistic_avg_autocorr": 0.7002109065624937,
    "synthetic_avg_autocorr": 0.016371859628222987
  }
}